id;code;start_datetime;no_passengers;no_kids;no_pets;created_date;tour_id
1;locker;2024-06-09;1937;3189;11384;2024-06-09;1
2;anenst;2024-06-10;2417;19503;22588;2024-06-09;2
3;concerning notoriety gleefully;2024-06-10;14113;12433;3226;2024-06-09;3
4;psst tinge;2024-06-10;11885;22286;24059;2024-06-10;4
5;continually concrete madly;2024-06-09;15341;22393;27420;2024-06-09;5
6;ick;2024-06-10;28542;2694;23687;2024-06-10;6
7;exculpate;2024-06-10;18026;1156;6592;2024-06-10;7
8;proposal who;2024-06-09;15230;22258;8968;2024-06-10;8
9;canvass;2024-06-10;20491;7275;1936;2024-06-09;9
10;launder revitalization lightly;2024-06-09;12445;32305;8988;2024-06-10;10
